https://www.gazelle.com/iphone/iphone-11-pro-max/at-t/iphone-11-pro-max-64gb-at-t/497056-gpid,140
https://www.gazelle.com/iphone/iphone-11-pro-max/at-t/iphone-11-pro-max-256gb-at-t/497062-gpid,214
https://www.gazelle.com/iphone/iphone-11-pro-max/at-t/iphone-11-pro-max-512gb-at-t/497068-gpid,215
https://www.gazelle.com/iphone/iphone-11-pro-max/sprint/iphone-11-pro-max-64gb-sprint/497057-gpid,146
https://www.gazelle.com/iphone/iphone-11-pro-max/sprint/iphone-11-pro-max-256gb-sprint/497063-gpid,212
https://www.gazelle.com/iphone/iphone-11-pro-max/sprint/iphone-11-pro-max-512gb-sprint/497069-gpid,212
https://www.gazelle.com/iphone/iphone-11-pro-max/t-mobile/iphone-11-pro-max-64gb-t-mobile/497058-gpid,137
https://www.gazelle.com/iphone/iphone-11-pro-max/t-mobile/iphone-11-pro-max-256gb-t-mobile/497064-gpid,212
https://www.gazelle.com/iphone/iphone-11-pro-max/t-mobile/iphone-11-pro-max-512gb-t-mobile/497070-gpid,212
https://www.gazelle.com/iphone/iphone-11-pro-max/verizon/iphone-11-pro-max-64gb-verizon/497059-gpid,212
https://www.gazelle.com/iphone/iphone-11-pro-max/verizon/iphone-11-pro-max-256gb-verizon/497065-gpid,undefined
https://www.gazelle.com/iphone/iphone-11-pro-max/verizon/iphone-11-pro-max-512gb-verizon/497071-gpid,226
https://www.gazelle.com/iphone/iphone-11-pro-max/unlocked/iphone-11-pro-max-64gb-unlocked/497060-gpid,211
https://www.gazelle.com/iphone/iphone-11-pro-max/unlocked/iphone-11-pro-max-256gb-unlocked/497066-gpid,undefined
https://www.gazelle.com/iphone/iphone-11-pro-max/unlocked/iphone-11-pro-max-512gb-unlocked/497072-gpid,228
https://www.gazelle.com/iphone/iphone-11-pro-max/other/iphone-11-pro-max-64gb-other/497061-gpid,204
https://www.gazelle.com/iphone/iphone-11-pro-max/other/iphone-11-pro-max-256gb-other/497067-gpid,224
https://www.gazelle.com/iphone/iphone-11-pro-max/other/iphone-11-pro-max-512gb-other/497073-gpid,228
https://www.gazelle.com/iphone/iphone-11-pro/at-t/iphone-11-pro-64gb-at-t-/497038-gpid,123
https://www.gazelle.com/iphone/iphone-11-pro/at-t/iphone-11-pro-256gb-at-t-/497044-gpid,204
https://www.gazelle.com/iphone/iphone-11-pro/at-t/iphone-11-pro-512gb-at-t/497050-gpid,204
https://www.gazelle.com/iphone/iphone-11-pro/sprint/iphone-11-pro-64gb-sprint-/497039-gpid,123
https://www.gazelle.com/iphone/iphone-11-pro/sprint/iphone-11-pro-256gb-sprint/497045-gpid,202
https://www.gazelle.com/iphone/iphone-11-pro/sprint/iphone-11-pro-512gb-sprint/497051-gpid,202
https://www.gazelle.com/iphone/iphone-11-pro/t-mobile/iphone-11-pro-64gb-t-mobile-/497040-gpid,115
https://www.gazelle.com/iphone/iphone-11-pro/t-mobile/iphone-11-pro-256gb-t-mobile/497046-gpid,202
https://www.gazelle.com/iphone/iphone-11-pro/t-mobile/iphone-11-pro-512gb-t-mobile/497052-gpid,202
https://www.gazelle.com/iphone/iphone-11-pro/verizon/iphone-11-pro-64gb-verizon-/497041-gpid,undefined
https://www.gazelle.com/iphone/iphone-11-pro/verizon/iphone-11-pro-256gb-verizon/497047-gpid,206
https://www.gazelle.com/iphone/iphone-11-pro/verizon/iphone-11-pro-512gb-verizon/497053-gpid,206
https://www.gazelle.com/iphone/iphone-11-pro/unlocked/iphone-11-pro-64gb-unlocked-/497042-gpid,199
https://www.gazelle.com/iphone/iphone-11-pro/unlocked/iphone-11-pro-256gb-unlocked/497048-gpid,207
https://www.gazelle.com/iphone/iphone-11-pro/unlocked/iphone-11-pro-512gb-unlocked/497054-gpid,207
https://www.gazelle.com/iphone/iphone-11-pro/other/iphone-11-pro-64gb-other-/497043-gpid,166
https://www.gazelle.com/iphone/iphone-11-pro/other/iphone-11-pro-256gb-other/497049-gpid,204
https://www.gazelle.com/iphone/iphone-11-pro/other/iphone-11-pro-512gb-other/497055-gpid,204
https://www.gazelle.com/iphone/iphone-11/at-t/iphone-11-64gb-at-t/497020-gpid,134
https://www.gazelle.com/iphone/iphone-11/at-t/iphone-11-128gb-at-t/497026-gpid,137
https://www.gazelle.com/iphone/iphone-11/at-t/iphone-11-256gb-at-t/497032-gpid,137
https://www.gazelle.com/iphone/iphone-11/sprint/iphone-11-64gb-sprint/497021-gpid,135
https://www.gazelle.com/iphone/iphone-11/sprint/iphone-11-128gb-sprint/497027-gpid,136
https://www.gazelle.com/iphone/iphone-11/sprint/iphone-11-256gb-sprint/497033-gpid,136
https://www.gazelle.com/iphone/iphone-11/t-mobile/iphone-11-64gb-t-mobile/497022-gpid,133
https://www.gazelle.com/iphone/iphone-11/t-mobile/iphone-11-128gb-t-mobile/497028-gpid,136
https://www.gazelle.com/iphone/iphone-11/t-mobile/iphone-11-256gb-t-mobile/497034-gpid,136
https://www.gazelle.com/iphone/iphone-11/verizon/iphone-11-64gb-verizon/497023-gpid,142
https://www.gazelle.com/iphone/iphone-11/verizon/iphone-11-128gb-verizon/497029-gpid,144
https://www.gazelle.com/iphone/iphone-11/verizon/iphone-11-256gb-verizon/497035-gpid,144
https://www.gazelle.com/iphone/iphone-11/unlocked/iphone-11-64gb-unlocked/497024-gpid,undefined
https://www.gazelle.com/iphone/iphone-11/unlocked/iphone-11-128gb-unlocked/497030-gpid,147
https://www.gazelle.com/iphone/iphone-11/unlocked/iphone-11-256gb-unlocked/497036-gpid,147
https://www.gazelle.com/iphone/iphone-11/other/iphone-11-64gb-other/497025-gpid,137
https://www.gazelle.com/iphone/iphone-11/other/iphone-11-128gb-other/497031-gpid,145
https://www.gazelle.com/iphone/iphone-11/other/iphone-11-256gb-other/497037-gpid,143
https://www.gazelle.com/iphone/iphone-xs-max/at-t/iphone-xs-max-64gb-at-t/496768-gpid,94
https://www.gazelle.com/iphone/iphone-xs-max/at-t/iphone-xs-max-256gb-at-t/496788-gpid,107
https://www.gazelle.com/iphone/iphone-xs-max/at-t/iphone-xs-max-512gb-at-t/496802-gpid,108
https://www.gazelle.com/iphone/iphone-xs-max/sprint/iphone-xs-max-64gb-sprint/496771-gpid,undefined
https://www.gazelle.com/iphone/iphone-xs-max/sprint/iphone-xs-max-256gb-sprint/496791-gpid,104
https://www.gazelle.com/iphone/iphone-xs-max/sprint/iphone-xs-max-512gb-sprint/496804-gpid,104
https://www.gazelle.com/iphone/iphone-xs-max/t-mobile/iphone-xs-max-64gb-t-mobile/496774-gpid,92
https://www.gazelle.com/iphone/iphone-xs-max/t-mobile/iphone-xs-max-256gb-t-mobile/496794-gpid,98
https://www.gazelle.com/iphone/iphone-xs-max/t-mobile/iphone-xs-max-512gb-t-mobile/496806-gpid,98
https://www.gazelle.com/iphone/iphone-xs-max/verizon/iphone-xs-max-64gb-verizon/496777-gpid,107
https://www.gazelle.com/iphone/iphone-xs-max/verizon/iphone-xs-max-256gb-verizon/496797-gpid,127
https://www.gazelle.com/iphone/iphone-xs-max/verizon/iphone-xs-max-512gb-verizon/496808-gpid,129
https://www.gazelle.com/iphone/iphone-xs-max/unlocked/iphone-xs-max-64gb-unlocked/496780-gpid,108
https://www.gazelle.com/iphone/iphone-xs-max/unlocked/iphone-xs-max-256gb-unlocked/496800-gpid,116
https://www.gazelle.com/iphone/iphone-xs-max/unlocked/iphone-xs-max-512gb-unlocked/496810-gpid,119
https://www.gazelle.com/iphone/iphone-xs-max/other/iphone-xs-max-64gb-other/496876-gpid,136
https://www.gazelle.com/iphone/iphone-xs-max/other/iphone-xs-max-256gb-other/496874-gpid,120
https://www.gazelle.com/iphone/iphone-xs-max/other/iphone-xs-max-512gb-other-/496926-gpid,137
https://www.gazelle.com/iphone/iphone-xs/at-t/iphone-xs-64gb-at-t/496767-gpid,79
https://www.gazelle.com/iphone/iphone-xs/at-t/iphone-xs-256gb-at-t/496787-gpid,80
https://www.gazelle.com/iphone/iphone-xs/at-t/iphone-xs-512gb-at-t/496801-gpid,80
https://www.gazelle.com/iphone/iphone-xs/sprint/iphone-xs-64gb-sprint/496770-gpid,79
https://www.gazelle.com/iphone/iphone-xs/sprint/iphone-xs-256gb-sprint/496790-gpid,80
https://www.gazelle.com/iphone/iphone-xs/sprint/iphone-xs-512gb-sprint/496803-gpid,80
https://www.gazelle.com/iphone/iphone-xs/t-mobile/iphone-xs-64gb-t-mobile/496773-gpid,77
https://www.gazelle.com/iphone/iphone-xs/t-mobile/iphone-xs-256gb-t-mobile/496793-gpid,80
https://www.gazelle.com/iphone/iphone-xs/t-mobile/iphone-xs-512gb-t-mobile/496805-gpid,80
https://www.gazelle.com/iphone/iphone-xs/verizon/iphone-xs-64gb-verizon/496776-gpid,83
https://www.gazelle.com/iphone/iphone-xs/verizon/iphone-xs-256gb-verizon/496796-gpid,97
https://www.gazelle.com/iphone/iphone-xs/verizon/iphone-xs-512gb-verizon/496807-gpid,91
https://www.gazelle.com/iphone/iphone-xs/unlocked/iphone-xs-64gb-unlocked/496779-gpid,81
https://www.gazelle.com/iphone/iphone-xs/unlocked/iphone-xs-256gb-unlocked/496799-gpid,96
https://www.gazelle.com/iphone/iphone-xs/unlocked/iphone-xs-512gb-unlocked/496809-gpid,89
https://www.gazelle.com/iphone/iphone-xs/other/iphone-xs-64gb-other/496875-gpid,94
https://www.gazelle.com/iphone/iphone-xs/other/iphone-xs-256gb-other-/496928-gpid,108
https://www.gazelle.com/iphone/iphone-xs/other/iphone-xs-512gb-other/496949-gpid,95
https://www.gazelle.com/iphone/iphone-xr/at-t/iphone-xr-64gb-at-t/496766-gpid,61
https://www.gazelle.com/iphone/iphone-xr/at-t/iphone-xr-128gb-at-t/496781-gpid,61
https://www.gazelle.com/iphone/iphone-xr/at-t/iphone-xr-256gb-at-t/496786-gpid,61
https://www.gazelle.com/iphone/iphone-xr/sprint/iphone-xr-64gb-sprint/496769-gpid,61
https://www.gazelle.com/iphone/iphone-xr/sprint/iphone-xr-128gb-sprint/496782-gpid,61
https://www.gazelle.com/iphone/iphone-xr/sprint/iphone-xr-256gb-sprint/496789-gpid,61
https://www.gazelle.com/iphone/iphone-xr/t-mobile/iphone-xr-64gb-t-mobile/496772-gpid,59
https://www.gazelle.com/iphone/iphone-xr/t-mobile/iphone-xr-128gb-t-mobile/496783-gpid,60
https://www.gazelle.com/iphone/iphone-xr/t-mobile/iphone-xr-256gb-t-mobile/496792-gpid,60
https://www.gazelle.com/iphone/iphone-xr/verizon/iphone-xr-64gb-verizon/496775-gpid,82
https://www.gazelle.com/iphone/iphone-xr/verizon/iphone-xr-128gb-verizon/496784-gpid,90
https://www.gazelle.com/iphone/iphone-xr/verizon/iphone-xr-256gb-verizon/496795-gpid,65
https://www.gazelle.com/iphone/iphone-xr/unlocked/iphone-xr-64gb-unlocked/496778-gpid,77
https://www.gazelle.com/iphone/iphone-xr/unlocked/iphone-xr-128gb-unlocked/496785-gpid,83
https://www.gazelle.com/iphone/iphone-xr/unlocked/iphone-xr-256gb-unlocked/496798-gpid,83
https://www.gazelle.com/iphone/iphone-xr/other/iphone-xr-64gb-other/496873-gpid,85
https://www.gazelle.com/iphone/iphone-xr/other/iphone-xr-128gb-other-/496927-gpid,101
https://www.gazelle.com/iphone/iphone-xr/other/iphone-xr-256gb-other-/496950-gpid,99
https://www.gazelle.com/iphone/iphone-x/at-t/iphone-x-64gb-at-t/496559-gpid,89
https://www.gazelle.com/iphone/iphone-x/at-t/iphone-x-256gb-at-t/496565-gpid,94
https://www.gazelle.com/iphone/iphone-x/sprint/iphone-x-64gb-sprint/496560-gpid,89
https://www.gazelle.com/iphone/iphone-x/sprint/iphone-x-256gb-sprint/496566-gpid,89
https://www.gazelle.com/iphone/iphone-x/t-mobile/iphone-x-64gb-t-mobile/496561-gpid,84
https://www.gazelle.com/iphone/iphone-x/t-mobile/iphone-x-256gb-t-mobile/496567-gpid,84
https://www.gazelle.com/iphone/iphone-x/verizon/iphone-x-64gb-verizon/496562-gpid,87
https://www.gazelle.com/iphone/iphone-x/verizon/iphone-x-256gb-verizon/496568-gpid,99
https://www.gazelle.com/iphone/iphone-x/unlocked/iphone-x-64gb-unlocked/496563-gpid,95
https://www.gazelle.com/iphone/iphone-x/unlocked/iphone-x-256gb-unlocked/496570-gpid,100
https://www.gazelle.com/iphone/iphone-x/other/iphone-x-64gb-other/496564-gpid,90
https://www.gazelle.com/iphone/iphone-x/other/iphone-x-256gb-other/496569-gpid,93
https://www.gazelle.com/iphone/iphone-8-plus/at-t/iphone-8-plus-64gb-at-t/496543-gpid,63
https://www.gazelle.com/iphone/iphone-8-plus/at-t/iphone-8-plus-128gb-at-t/497084-gpid,63
https://www.gazelle.com/iphone/iphone-8-plus/at-t/iphone-8-plus-256gb-at-t/496549-gpid,undefined
https://www.gazelle.com/iphone/iphone-8-plus/sprint/iphone-8-plus-64gb-sprint/496544-gpid,61
https://www.gazelle.com/iphone/iphone-8-plus/sprint/iphone-8-plus-128gb-sprint/497085-gpid,undefined
https://www.gazelle.com/iphone/iphone-8-plus/sprint/iphone-8-plus-256gb-sprint/496550-gpid,63
https://www.gazelle.com/iphone/iphone-8-plus/t-mobile/iphone-8-plus-64gb-t-mobile/496545-gpid,undefined
https://www.gazelle.com/iphone/iphone-8-plus/t-mobile/iphone-8-plus-128gb-t-mobile/497086-gpid,undefined
https://www.gazelle.com/iphone/iphone-8-plus/t-mobile/iphone-8-plus-256gb-t-mobile/496551-gpid,62
https://www.gazelle.com/iphone/iphone-8-plus/verizon/iphone-8-plus-64gb-verizon/496546-gpid,69
https://www.gazelle.com/iphone/iphone-8-plus/verizon/iphone-8-plus-128gb-verizon/497087-gpid,65
https://www.gazelle.com/iphone/iphone-8-plus/verizon/iphone-8-plus-256gb-verizon/496552-gpid,73
https://www.gazelle.com/iphone/iphone-8-plus/unlocked/iphone-8-plus-64gb-unlocked/496547-gpid,70
https://www.gazelle.com/iphone/iphone-8-plus/unlocked/iphone-8-plus-128gb-unlocked/497088-gpid,undefined
https://www.gazelle.com/iphone/iphone-8-plus/unlocked/iphone-8-plus-256gb-unlocked/496557-gpid,84
https://www.gazelle.com/iphone/iphone-8-plus/other/iphone-8-plus-64gb-other/496548-gpid,66
https://www.gazelle.com/iphone/iphone-8-plus/other/iphone-8-plus-128gb-other/497089-gpid,71
https://www.gazelle.com/iphone/iphone-8-plus/other/iphone-8-plus-256gb-other/496558-gpid,73
https://www.gazelle.com/iphone/iphone-8/at-t/iphone-8-64gb-at-t/496531-gpid,46
https://www.gazelle.com/iphone/iphone-8/at-t/iphone-8-128gb-at-t/497078-gpid,46
https://www.gazelle.com/iphone/iphone-8/at-t/iphone-8-256gb-at-t/496537-gpid,undefined
https://www.gazelle.com/iphone/iphone-8/sprint/iphone-8-64gb-sprint/496532-gpid,45
https://www.gazelle.com/iphone/iphone-8/sprint/iphone-8-128gb-sprint/497079-gpid,45
https://www.gazelle.com/iphone/iphone-8/sprint/iphone-8-256gb-sprint/496538-gpid,48
https://www.gazelle.com/iphone/iphone-8/t-mobile/iphone-8-64gb-t-mobile/496533-gpid,22
https://www.gazelle.com/iphone/iphone-8/t-mobile/iphone-8-128gb-t-mobile/497080-gpid,45
https://www.gazelle.com/iphone/iphone-8/t-mobile/iphone-8-256gb-t-mobile/496539-gpid,48
https://www.gazelle.com/iphone/iphone-8/verizon/iphone-8-64gb-verizon/496534-gpid,51
https://www.gazelle.com/iphone/iphone-8/verizon/iphone-8-128gb-verizon/497081-gpid,51
https://www.gazelle.com/iphone/iphone-8/verizon/iphone-8-256gb-verizon/496540-gpid,55
https://www.gazelle.com/iphone/iphone-8/unlocked/iphone-8-64gb-unlocked/496535-gpid,57
https://www.gazelle.com/iphone/iphone-8/unlocked/iphone-8-128gb-unlocked/497082-gpid,53
https://www.gazelle.com/iphone/iphone-8/unlocked/iphone-8-256gb-unlocked/496541-gpid,61
https://www.gazelle.com/iphone/iphone-8/other/iphone-8-64gb-other/496536-gpid,48
https://www.gazelle.com/iphone/iphone-8/other/iphone-8-128gb-other/497083-gpid,48
https://www.gazelle.com/iphone/iphone-8/other/iphone-8-256gb-other/496542-gpid,52
https://www.gazelle.com/iphone/iphone-7-plus/at-t/iphone-7-plus-32gb-at-t/496196-gpid,undefined
https://www.gazelle.com/iphone/iphone-7-plus/at-t/iphone-7-plus-128gb-at-t/496197-gpid,45
https://www.gazelle.com/iphone/iphone-7-plus/at-t/iphone-7-plus-256gb-at-t/496198-gpid,45
https://www.gazelle.com/iphone/iphone-7-plus/sprint/iphone-7-plus-32gb-sprint/496199-gpid,undefined
https://www.gazelle.com/iphone/iphone-7-plus/sprint/iphone-7-plus-128gb-sprint/496200-gpid,34
https://www.gazelle.com/iphone/iphone-7-plus/sprint/iphone-7-plus-256gb-sprint/496201-gpid,30
https://www.gazelle.com/iphone/iphone-7-plus/t-mobile/iphone-7-plus-32gb-t-mobile/496276-gpid,undefined
https://www.gazelle.com/iphone/iphone-7-plus/t-mobile/iphone-7-plus-128gb-t-mobile/496203-gpid,30
https://www.gazelle.com/iphone/iphone-7-plus/t-mobile/iphone-7-plus-256gb-t-mobile/496204-gpid,25
https://www.gazelle.com/iphone/iphone-7-plus/verizon/iphone-7-plus-32gb-verizon/496205-gpid,47
https://www.gazelle.com/iphone/iphone-7-plus/verizon/iphone-7-plus-128gb-verizon/496206-gpid,undefined
https://www.gazelle.com/iphone/iphone-7-plus/verizon/iphone-7-plus-256gb-verizon/496207-gpid,47
https://www.gazelle.com/iphone/iphone-7-plus/metropcs/iphone-7-plus-128gb-metropcs/496274-gpid,44
https://www.gazelle.com/iphone/iphone-7-plus/metropcs/iphone-7-plus-256gb-metropcs/496275-gpid,44
https://www.gazelle.com/iphone/iphone-7-plus/unlocked/iphone-7-plus-32gb-unlocked/496208-gpid,50
https://www.gazelle.com/iphone/iphone-7-plus/unlocked/iphone-7-plus-128gb-unlocked/496209-gpid,57
https://www.gazelle.com/iphone/iphone-7-plus/unlocked/iphone-7-plus-256gb-unlocked/496210-gpid,57
https://www.gazelle.com/iphone/iphone-7-plus/other/iphone-7-plus-128gb-other/496212-gpid,44
https://www.gazelle.com/iphone/iphone-7-plus/other/iphone-7-plus-256gb-other/496213-gpid,44
https://www.gazelle.com/iphone/iphone-7/at-t/iphone-7-32gb-at-t/496177-gpid,15
https://www.gazelle.com/iphone/iphone-7/at-t/iphone-7-128gb-at-t/496178-gpid,16
https://www.gazelle.com/iphone/iphone-7/at-t/iphone-7-256gb-at-t/496179-gpid,18
https://www.gazelle.com/iphone/iphone-7/sprint/iphone-7-32gb-sprint/496180-gpid,12
https://www.gazelle.com/iphone/iphone-7/sprint/iphone-7-128gb-sprint/496181-gpid,10
https://www.gazelle.com/iphone/iphone-7/sprint/iphone-7-256gb-sprint/496182-gpid,9
https://www.gazelle.com/iphone/iphone-7/t-mobile/iphone-7-32gb-t-mobile/496183-gpid,12
https://www.gazelle.com/iphone/iphone-7/t-mobile/iphone-7-128gb-t-mobile/496184-gpid,6
https://www.gazelle.com/iphone/iphone-7/t-mobile/iphone-7-256gb-t-mobile/496185-gpid,9
https://www.gazelle.com/iphone/iphone-7/verizon/iphone-7-32gb-verizon/496186-gpid,19
https://www.gazelle.com/iphone/iphone-7/verizon/iphone-7-128gb-verizon/496187-gpid,19
https://www.gazelle.com/iphone/iphone-7/verizon/iphone-7-256gb-verizon/496188-gpid,23
https://www.gazelle.com/iphone/iphone-7/unlocked/iphone-7-32gb-unlocked/496189-gpid,undefined
https://www.gazelle.com/iphone/iphone-7/unlocked/iphone-7-128gb-unlocked/496190-gpid,undefined
https://www.gazelle.com/iphone/iphone-7/unlocked/iphone-7-256gb-unlocked/496191-gpid,19
https://www.gazelle.com/iphone/iphone-6s-plus/at-t/iphone-6s-plus-16gb-at-t/496033-gpid,undefined
https://www.gazelle.com/iphone/iphone-6s-plus/at-t/iphone-6s-plus-32gb-at-t/496285-gpid,undefined
https://www.gazelle.com/iphone/iphone-6s-plus/at-t/iphone-6s-plus-64gb-at-t/496034-gpid,17
https://www.gazelle.com/iphone/iphone-6s-plus/at-t/iphone-6s-plus:-128gb-at-t/496035-gpid,17
https://www.gazelle.com/iphone/iphone-6s-plus/sprint/iphone-6s-plus-16gb-sprint/496036-gpid,10
https://www.gazelle.com/iphone/iphone-6s-plus/sprint/iphone-6s-plus-32gb-sprint/496286-gpid,15
https://www.gazelle.com/iphone/iphone-6s-plus/sprint/iphone-6s-plus-64gb-sprint/496037-gpid,undefined
https://www.gazelle.com/iphone/iphone-6s-plus/sprint/iphone-6s-plus:-128gb-sprint/496038-gpid,13
https://www.gazelle.com/iphone/iphone-6s-plus/t-mobile/iphone-6s-plus-16gb-t-mobile/496039-gpid,undefined
https://www.gazelle.com/iphone/iphone-6s-plus/t-mobile/iphone-6s-plus-32gb-t-mobile/496287-gpid,14
https://www.gazelle.com/iphone/iphone-6s-plus/t-mobile/iphone-6s-plus-64gb-t-mobile/496040-gpid,12
https://www.gazelle.com/iphone/iphone-6s-plus/t-mobile/iphone-6s-plus:-128gb-t-mobile/496041-gpid,12
https://www.gazelle.com/iphone/iphone-6s-plus/verizon/iphone-6s-plus-16gb-verizon/496045-gpid,11
https://www.gazelle.com/iphone/iphone-6s-plus/verizon/iphone-6s-plus-32gb-verizon/496288-gpid,22
https://www.gazelle.com/iphone/iphone-6s-plus/verizon/iphone-6s-plus-64gb-verizon/496046-gpid,19
https://www.gazelle.com/iphone/iphone-6s-plus/verizon/iphone-6s-plus:-128gb-verizon/496047-gpid,19
https://www.gazelle.com/iphone/iphone-6s-plus/unlocked/iphone-6s-plus-16gb-unlocked/496042-gpid,19
https://www.gazelle.com/iphone/iphone-6s-plus/unlocked/iphone-6s-plus-32gb-unlocked/496289-gpid,undefined
https://www.gazelle.com/iphone/iphone-6s-plus/unlocked/iphone-6s-plus-64gb-unlocked/496043-gpid,17
https://www.gazelle.com/iphone/iphone-6s-plus/unlocked/iphone-6s-plus:-128gb-unlocked/496044-gpid,19
https://www.gazelle.com/iphone/iphone-6s/at-t/iphone-6s-16gb-at-t/496018-gpid,undefined
https://www.gazelle.com/iphone/iphone-6s/at-t/iphone-6s-32gb-at-t/496279-gpid,
https://www.gazelle.com/iphone/iphone-6s/at-t/iphone-6s-64gb-at-t/496019-gpid,7
https://www.gazelle.com/iphone/iphone-6s/at-t/iphone-6s:-128gb-at-t/496020-gpid,9
https://www.gazelle.com/iphone/iphone-6s/sprint/iphone-6s-16gb-sprint/496021-gpid,undefined
https://www.gazelle.com/iphone/iphone-6s/sprint/iphone-6s-32gb-sprint/496280-gpid,
https://www.gazelle.com/iphone/iphone-6s/sprint/iphone-6s-64gb-sprint/496022-gpid,
https://www.gazelle.com/iphone/iphone-6s/sprint/iphone-6s:-128gb-sprint/496023-gpid,
https://www.gazelle.com/iphone/iphone-6s/t-mobile/iphone-6s-16gb-t-mobile/496024-gpid,
https://www.gazelle.com/iphone/iphone-6s/t-mobile/iphone-6s-32gb-t-mobile/496281-gpid,
https://www.gazelle.com/iphone/iphone-6s/t-mobile/iphone-6s-64gb-t-mobile/496025-gpid,9
https://www.gazelle.com/iphone/iphone-6s/t-mobile/iphone-6s:-128gb-t-mobile/496026-gpid,7
https://www.gazelle.com/iphone/iphone-6s/verizon/iphone-6s-16gb-verizon/496030-gpid,
https://www.gazelle.com/iphone/iphone-6s/verizon/iphone-6s-32gb-verizon/496282-gpid,undefined
https://www.gazelle.com/iphone/iphone-6s/verizon/iphone-6s-64gb-verizon/496031-gpid,14
https://www.gazelle.com/iphone/iphone-6s/verizon/iphone-6s:-128gb-verizon/496032-gpid,undefined
https://www.gazelle.com/iphone/iphone-6s/unlocked/iphone-6s-16gb-unlocked/496027-gpid,
https://www.gazelle.com/iphone/iphone-6s/unlocked/iphone-6s-32gb-unlocked/496283-gpid,
https://www.gazelle.com/iphone/iphone-6s/unlocked/iphone-6s-64gb-unlocked/496028-gpid,14
https://www.gazelle.com/iphone/iphone-6s/unlocked/iphone-6s-128gb-unlocked/496029-gpid,10
https://www.gazelle.com/iphone/iphone-6-plus/at-t/iphone-6-plus-32gb-at-t/496951-gpid,
https://www.gazelle.com/iphone/iphone-6-plus/at-t/iphone-6-plus-64gb-at-t/495691-gpid,
https://www.gazelle.com/iphone/iphone-6-plus/at-t/iphone-6-plus-128gb-at-t/495692-gpid,
https://www.gazelle.com/iphone/iphone-6-plus/t-mobile/iphone-6-plus-32gb-t-mobile/496953-gpid,
https://www.gazelle.com/iphone/iphone-6-plus/verizon/iphone-6-plus-16gb-verizon/495702-gpid,5
https://www.gazelle.com/iphone/iphone-6-plus/verizon/iphone-6-plus-32gb-verizon/496955-gpid,5
https://www.gazelle.com/iphone/iphone-6-plus/verizon/iphone-6-plus-64gb-verizon/495703-gpid,8
https://www.gazelle.com/iphone/iphone-6-plus/verizon/iphone-6-plus:-128gb-verizon/495704-gpid,8
https://www.gazelle.com/iphone/iphone-6-plus/unlocked/iphone-6-plus-32gb-unlocked/496954-gpid,5
https://www.gazelle.com/iphone/iphone-6-plus/unlocked/iphone-6-plus-64gb-unlocked/495700-gpid,8
https://www.gazelle.com/iphone/iphone-6-plus/unlocked/iphone-6-plus:-128gb-unlocked/495701-gpid,8
https://www.gazelle.com/iphone/iphone-6-plus/other/iphone-6-plus-32gb-other/496956-gpid,
https://www.gazelle.com/iphone/iphone-6/verizon/iphone-6-32gb-verizon/496709-gpid,1
https://www.gazelle.com/iphone/iphone-6/verizon/iphone-6-64gb-verizon/495685-gpid,undefined
https://www.gazelle.com/iphone/iphone-6/unlocked/iphone-6-32gb-unlocked/496708-gpid,undefined
https://www.gazelle.com/iphone/iphone-6/unlocked/iphone-6-64gb-unlocked/495682-gpid,3
https://www.gazelle.com/iphone/iphone-se-2nd-gen/at-t/iphone-se-2nd-gen-64gb-at-t/497342-gpid,20
https://www.gazelle.com/iphone/iphone-se-2nd-gen/at-t/iphone-se-2nd-gen-128gb-at-t/497375-gpid,25
https://www.gazelle.com/iphone/iphone-se-2nd-gen/at-t/iphone-se-2nd-gen-256gb-at-t/497348-gpid,30
https://www.gazelle.com/iphone/iphone-se-2nd-gen/sprint/iphone-se-2nd-gen-64gb-sprint/497343-gpid,20
https://www.gazelle.com/iphone/iphone-se-2nd-gen/sprint/iphone-se-2nd-gen-128gb-sprint/497376-gpid,25
https://www.gazelle.com/iphone/iphone-se-2nd-gen/sprint/iphone-se-2nd-gen-256gb-sprint/497349-gpid,30
https://www.gazelle.com/iphone/iphone-se-2nd-gen/t-mobile/iphone-se-2nd-gen-64gb-t-mobile/497344-gpid,20
https://www.gazelle.com/iphone/iphone-se-2nd-gen/t-mobile/iphone-se-2nd-gen-128gb-t-mobile/497377-gpid,25
https://www.gazelle.com/iphone/iphone-se-2nd-gen/t-mobile/iphone-se-2nd-gen-256gb-t-mobile/497350-gpid,30
https://www.gazelle.com/iphone/iphone-se-2nd-gen/verizon/iphone-se-2nd-gen-64gb-verizon/497346-gpid,20
https://www.gazelle.com/iphone/iphone-se-2nd-gen/verizon/iphone-se-2nd-gen-128gb-verizon/497379-gpid,25
https://www.gazelle.com/iphone/iphone-se-2nd-gen/verizon/iphone-se-2nd-gen-256gb-verizon/497352-gpid,30
https://www.gazelle.com/iphone/iphone-se-2nd-gen/unlocked/iphone-se-2nd-gen-64gb-unlocked/497345-gpid,20
https://www.gazelle.com/iphone/iphone-se-2nd-gen/unlocked/iphone-se-2nd-gen-128gb-unlocked/497378-gpid,26
https://www.gazelle.com/iphone/iphone-se-2nd-gen/unlocked/iphone-se-2nd-gen-256gb-unlocked/497351-gpid,undefined
https://www.gazelle.com/iphone/iphone-se-2nd-gen/other/iphone-se-2nd-gen-64gb-other/497347-gpid,undefined
https://www.gazelle.com/iphone/iphone-se-2nd-gen/other/iphone-se-2nd-gen-128gb-other/497380-gpid,48
https://www.gazelle.com/iphone/iphone-se-2nd-gen/other/iphone-se-2nd-gen-256gb-other/497353-gpid,60
https://www.gazelle.com/iphone/iphone-se/at-t/iphone-se-16gb-at-t/496141-gpid,
https://www.gazelle.com/iphone/iphone-se/at-t/iphone-se-32gb-at-t/496343-gpid,
https://www.gazelle.com/iphone/iphone-se/at-t/iphone-se-64gb-at-t/496142-gpid,
https://www.gazelle.com/iphone/iphone-se/at-t/iphone-se-128gb-at-t/496350-gpid,undefined
https://www.gazelle.com/iphone/iphone-se/sprint/iphone-se-16gb-sprint/496143-gpid,
https://www.gazelle.com/iphone/iphone-se/sprint/iphone-se-32gb-sprint/496344-gpid,
https://www.gazelle.com/iphone/iphone-se/sprint/iphone-se-64gb-sprint/496144-gpid,
https://www.gazelle.com/iphone/iphone-se/sprint/iphone-se-128gb-sprint/496351-gpid,
https://www.gazelle.com/iphone/iphone-se/t-mobile/iphone-se-16gb-t-mobile/496145-gpid,
https://www.gazelle.com/iphone/iphone-se/t-mobile/iphone-se-32gb-t-mobile/496345-gpid,
https://www.gazelle.com/iphone/iphone-se/t-mobile/iphone-se-64gb-t-mobile/496146-gpid,
https://www.gazelle.com/iphone/iphone-se/t-mobile/iphone-se-128gb-t-mobile/496356-gpid,undefined
https://www.gazelle.com/iphone/iphone-se/verizon/iphone-se-16gb-verizon/496147-gpid,
https://www.gazelle.com/iphone/iphone-se/verizon/iphone-se-32gb-verizon/496346-gpid,
https://www.gazelle.com/iphone/iphone-se/verizon/iphone-se-64gb-verizon/496148-gpid,
https://www.gazelle.com/iphone/iphone-se/verizon/iphone-se-128gb-verizon/496352-gpid,
https://www.gazelle.com/iphone/iphone-se/unlocked/iphone-se-16gb-unlocked/496149-gpid,
https://www.gazelle.com/iphone/iphone-se/unlocked/iphone-se-32gb-unlocked/496347-gpid,
https://www.gazelle.com/iphone/iphone-se/unlocked/iphone-se-64gb-unlocked/496150-gpid,
https://www.gazelle.com/iphone/iphone-se/unlocked/iphone-se-128gb-unlocked/496353-gpid,
